RAILLINK_I,출발역,종착역,LENGTH,호선
1101002,시청역(1호선),서울역(1호선),1.1,서울1호선
1101003,시청역(1호선),종각,1,서울1호선
1101004,종각,종로3가역(1호선),0.8,서울1호선
1101005,종로5가,종로3가역(1호선),0.9,서울1호선
1101006,동대문(1호선),종로5가,0.8,서울1호선
1101007,동묘앞역(1호선),동대문(1호선),0.6,서울1호선
1101008,동묘앞역(1호선),신설동역(1호선),0.7,서울1호선
1101009,신설동역(1호선),제기동,0.9,서울1호선
1101010,청량리역(1호선),제기동,1,서울1호선
1101011,청량리역(1호선),회기역(1호선),1.4,서울1호선
1101013,대방,노량진역(1호선),1.5,서울1호선
1102001,시청역(2호선),충정로역(2호선),1.1,서울2호선
1102002,시청역(2호선),을지로입구,0.7,서울2호선
1102003,을지로입구,을지로3가역(2호선),0.8,서울2호선
1102004,을지로4가역(2호선),을지로3가역(2호선),0.6,서울2호선
1102005,을지로4가역(2호선),동대문역사문화공원(2호선),1,서울2호선
1102006,신당역(2호선),동대문역사문화공원(2호선),0.9,서울2호선
1102007,신당역(2호선),상왕십리,0.9,서울2호선
1102008,상왕십리,왕십리역(2호선),0.8,서울2호선
1102009,한양대,왕십리역(2호선),1,서울2호선
1102010,뚝섬,한양대,1.1,서울2호선
1102011,뚝섬,성수역(2호선),0.8,서울2호선
1102012,성수역(2호선),건대입구역(2호선),1.2,서울2호선
1102013,구의,건대입구역(2호선),1.6,서울2호선
1102014,강변,구의,0.9,서울2호선
1102015,잠실나루역,강변,1.8,서울2호선
1102016,잠실역(2호선),잠실나루역,1,서울2호선
1102017,잠실역(2호선),잠실새내,1.2,서울2호선
1102018,종합운동장역(2호선),잠실새내,1.2,서울2호선
1102019,종합운동장역(2호선),삼성(2호선),1,서울2호선
1102020,선릉역(2호선),삼성(2호선),1.3,서울2호선
1102021,역삼,선릉역(2호선),1.2,서울2호선
1102022,강남역(2호선),역삼,0.8,서울2호선
1102023,강남역(2호선),교대역(2호선),1.2,서울2호선
1102024,교대역(2호선),서초,0.7,서울2호선
1102025,서초,방배,1.7,서울2호선
1102026,방배,사당역(2호선),1.6,서울2호선
1102027,낙성대,사당역(2호선),1.7,서울2호선
1102028,서울대입구,낙성대,1,서울2호선
1102029,봉천(2호선),서울대입구,1,서울2호선
1102030,봉천(2호선),신림(2호선),1.1,서울2호선
1102031,신대방,신림(2호선),1.8,서울2호선
1102032,구로디지털단지,신대방,1.1,서울2호선
1102033,구로디지털단지,대림역(2호선),1.1,서울2호선
1102034,대림역(2호선),신도림역(2호선),1.8,서울2호선
1102035,신도림역(2호선),문래,1.2,서울2호선
1102036,문래,영등포구청역(2호선),0.9,서울2호선
1102037,영등포구청역(2호선),당산역(2호선),1.1,서울2호선
1102038,당산역(2호선),합정역(2호선),2,서울2호선
1102039,합정역(2호선),홍대입구역(2호선),1.1,서울2호선
1102040,신촌(2호선),홍대입구역(2호선),1.3,서울2호선
1102041,이대,신촌(2호선),0.8,서울2호선
1102042,이대,아현,0.9,서울2호선
1102043,아현,충정로역(2호선),0.8,서울2호선
1102044,신도림역(2-1호선),도림천,1,서울2호선
1102045,양천구청,도림천,1.7,서울2호선
1102046,양천구청,신정네거리,1.9,서울2호선
1102047,까치산역(2-1호선),신정네거리,1.4,서울2호선
1102048,성수역(2-2호선),용답,2.3,서울2호선
1102049,용답,신답,1,서울2호선
1102050,신답,용두,0.9,서울2호선
1102051,용두,신설동역(2호선),1.2,서울2호선
1103001,수서역(3호선),일원,1.8,서울3호선
1103002,일원,대청,1.2,서울3호선
1103003,대청,학여울,0.9,서울3호선
1103004,학여울,대치,0.8,서울3호선
1103005,대치,도곡역(3호선),0.8,서울3호선
1103006,도곡역(3호선),매봉,0.8,서울3호선
1103007,매봉,양재역(3호선),1.2,서울3호선
1103008,양재역(3호선),남부터미널,1.8,서울3호선
1103009,남부터미널,교대역(3호선),0.9,서울3호선
1103010,고속터미널역(3호선),교대역(3호선),1.6,서울3호선
1103011,잠원,고속터미널역(3호선),1.2,서울3호선
1103012,신사,잠원,0.9,서울3호선
1103013,압구정,신사,1.5,서울3호선
1103014,압구정,옥수역(3호선),2.1,서울3호선
1103015,금호,옥수역(3호선),0.8,서울3호선
1103016,약수역(3호선),금호,0.8,서울3호선
1103017,동대입구,약수역(3호선),0.7,서울3호선
1103018,충무로역(3호선),동대입구,0.9,서울3호선
1103019,을지로3가역(3호선),충무로역(3호선),0.7,서울3호선
1103020,을지로3가역(3호선),종로3가역(3호선),0.6,서울3호선
1103021,안국,종로3가역(3호선),1,서울3호선
1103022,안국,경복궁,1.1,서울3호선
1103023,독립문,경복궁,1.6,서울3호선
1103024,독립문,무악재,1.1,서울3호선
1103025,무악재,홍제,0.9,서울3호선
1103026,녹번,홍제,1.6,서울3호선
1103027,녹번,불광역(3호선),1.1,서울3호선
1103028,불광역(3호선),연신내역(3호선),1.3,서울3호선
1103029,구파발,연신내역(3호선),2,서울3호선
1103030,지축,구파발,1.5,서울3호선
1103031,수서역(3호선),가락시장역(3호선),1.4,서울3호선
1103032,경찰병원,가락시장역(3호선),0.8,서울3호선
1103033,오금역(3호선),경찰병원,0.8,서울3호선
1104001,상계,당고개,1.2,서울4호선
1104002,상계,노원역(4호선),1,서울4호선
1104003,노원역(4호선),창동역(4호선),1.4,서울4호선
1104004,쌍문,창동역(4호선),1.3,서울4호선
1104005,수유,쌍문,1.5,서울4호선
1104006,미아,수유,1.4,서울4호선
1104007,미아사거리,미아,1.5,서울4호선
1104008,미아사거리,길음,1.3,서울4호선
1104009,길음,성신여대입구(4호선),1.4,서울4호선
1104010,성신여대입구(4호선),한성대입구,1,서울4호선
1104011,한성대입구,혜화,0.9,서울4호선
1104012,혜화,동대문역(4호선),1.5,서울4호선
1104013,동대문역사문화공원(4호선),동대문역(4호선),0.7,서울4호선
1104014,충무로역(4호선),동대문역사문화공원(4호선),1.3,서울4호선
1104015,명동,충무로역(4호선),0.7,서울4호선
1104016,명동,회현,0.7,서울4호선
1104017,회현,서울역(4호선),0.9,서울4호선
1104018,서울역(4호선),숙대입구,1,서울4호선
1104019,숙대입구,삼각지역(4호선),1.2,서울4호선
1104020,삼각지역(4호선),신용산,0.7,서울4호선
1104021,이촌역(4호선),신용산,1.3,서울4호선
1104022,이촌역(4호선),동작역(4호선),2.7,서울4호선
1104023,동작역(4호선),총신대입구역(4호선),1.8,서울4호선
1104024,사당역(4호선),총신대입구역(4호선),1.1,서울4호선
1104025,사당역(4호선),남태령,1.6,서울4호선
1105001,개화산,방화,0.9,서울5호선
1105002,김포공항역(5호선),개화산,1.2,서울5호선
1105003,송정(5호선),김포공항역(5호선),1.2,서울5호선
1105004,마곡,송정(5호선),1.1,서울5호선
1105005,발산,마곡,1.2,서울5호선
1105006,우장산,발산,1.1,서울5호선
1105007,화곡,우장산,1,서울5호선
1105008,화곡,까치산역(5호선),1.2,서울5호선
1105009,까치산역(5호선),신정,1.3,서울5호선
1105010,신정,목동,0.8,서울5호선
1105011,목동,오목교,0.9,서울5호선
1105012,오목교,양평(5호선),1.1,서울5호선
1105013,양평(5호선),영등포구청역(5호선),0.8,서울5호선
1105014,영등포구청역(5호선),영등포시장,0.9,서울5호선
1105015,영등포시장,신길역(5호선),1.1,서울5호선
1105016,여의도역(5호선),신길역(5호선),1,서울5호선
1105017,여의도역(5호선),여의나루,1,서울5호선
1105018,마포,여의나루,1.8,서울5호선
1105019,공덕역(5호선),마포,0.8,서울5호선
1105020,공덕역(5호선),애오개,1.1,서울5호선
1105021,충정로역(5호선),애오개,0.9,서울5호선
1105022,충정로역(5호선),서대문,0.7,서울5호선
1105023,광화문,서대문,1.1,서울5호선
1105024,광화문,종로3가역(5호선),1.2,서울5호선
1105025,을지로4가역(5호선),종로3가역(5호선),1,서울5호선
1105027,청구역(5호선),동대문역사문화공원(5호선),0.9,서울5호선
1105028,청구역(5호선),신금호,0.9,서울5호선
1105029,행당,신금호,0.8,서울5호선
1105030,왕십리역(5호선),행당,0.9,서울5호선
1105031,왕십리역(5호선),마장,0.7,서울5호선
1105032,마장,답십리,1,서울5호선
1105033,장한평,답십리,1.2,서울5호선
1105034,장한평,군자역(5호선),1.5,서울5호선
1105035,아차산,군자역(5호선),1,서울5호선
1105036,광나루,아차산,1.5,서울5호선
1105037,광나루,천호역(5호선),2,서울5호선
1105038,천호역(5호선),강동역(5호선),0.8,서울5호선
1105039,둔촌동,강동역(5호선),1.2,서울5호선
1105040,둔촌동,올림픽공원,1.4,서울5호선
1105041,올림픽공원,방이,0.9,서울5호선
1105042,오금역(5호선),방이,0.9,서울5호선
1105043,오금역(5호선),개롱,0.9,서울5호선
1105044,거여,개롱,0.9,서울5호선
1105045,거여,마천,0.9,서울5호선
1105046,강동역(5-1호선),길동,0.9,서울5호선
1105047,굽은다리,길동,0.8,서울5호선
1105048,명일,굽은다리,0.7,서울5호선
1105049,고덕,명일,1.2,서울5호선
1105050,고덕,상일동,1.1,서울5호선
1105051,을지로4가역(5호선),동대문역사문화공원(5호선),0.9,서울5호선
1105052,강동역(5-1호선),천호역(5호선),0.8,서울5호선
1106001,응암,역촌,1.1,서울6호선
1106002,불광역(6호선),역촌,0.8,서울6호선
1106003,불광역(6호선),독바위,0.9,서울6호선
1106004,독바위,연신내역(6호선),1.4,서울6호선
1106005,구산,연신내역(6호선),0.9,서울6호선
1106006,구산,응암,1.5,서울6호선
1106007,새절,응암,0.9,서울6호선
1106008,새절,증산,0.9,서울6호선
1106009,디지털미디어시티(6호선),증산,1.1,서울6호선
1106010,월드컵경기장,디지털미디어시티(6호선),0.8,서울6호선
1106011,월드컵경기장,마포구청,0.8,서울6호선
1106012,망원,마포구청,1,서울6호선
1106013,망원,합정역(6호선),0.8,서울6호선
1106014,합정역(6호선),상수,0.8,서울6호선
1106015,광흥창,상수,0.9,서울6호선
1106016,광흥창,대흥,1,서울6호선
1106017,공덕역(6호선),대흥,0.9,서울6호선
1106018,효창공원앞(6호선),공덕역(6호선),0.9,서울6호선
1106019,삼각지역(6호선),효창공원앞(6호선),1.2,서울6호선
1106020,녹사평,삼각지역(6호선),1.1,서울6호선
1106021,이태원,녹사평,0.8,서울6호선
1106022,한강진,이태원,1,서울6호선
1106023,한강진,버티고개,1,서울6호선
1106024,버티고개,약수역(6호선),0.7,서울6호선
1106025,청구역(6호선),약수역(6호선),0.8,서울6호선
1106026,청구역(6호선),신당역(6호선),0.7,서울6호선
1106027,동묘앞역(6호선),신당역(6호선),0.6,서울6호선
1106028,동묘앞역(6호선),창신,0.9,서울6호선
1106029,창신,보문역(6호선),0.8,서울6호선
1106030,안암,보문역(6호선),0.9,서울6호선
1106031,고려대,안암,0.8,서울6호선
1106032,고려대,월곡,1.4,서울6호선
1106033,상월곡,월곡,0.8,서울6호선
1106034,상월곡,돌곶이,0.8,서울6호선
1106035,석계역(6호선),돌곶이,1,서울6호선
1106036,석계역(6호선),태릉입구역(6호선),0.8,서울6호선
1106037,화랑대,태릉입구역(6호선),0.9,서울6호선
1106038,봉화산,화랑대,0.7,서울6호선
1106039,봉화산,신내역(6호선),1.3,서울6호선
1107001,도봉산역(7호선),장암,1.4,서울7호선
1107002,수락산,도봉산역(7호선),1.6,서울7호선
1107003,수락산,마들,1.4,서울7호선
1107004,노원역(7호선),마들,1.2,서울7호선
1107005,노원역(7호선),중계,1.1,서울7호선
1107006,하계,중계,1,서울7호선
1107007,하계,공릉,1.3,서울7호선
1107008,공릉,태릉입구역(7호선),0.8,서울7호선
1107009,태릉입구역(7호선),먹골,0.9,서울7호선
1107010,먹골,중화,0.9,서울7호선
1107011,상봉역(7호선),중화,1,서울7호선
1107012,면목,상봉역(7호선),0.8,서울7호선
1107013,면목,사가정,0.9,서울7호선
1107014,용마산,사가정,0.8,서울7호선
1107015,용마산,중곡,0.9,서울7호선
1107016,중곡,군자역(7호선),1.1,서울7호선
1107017,어린이대공원,군자역(7호선),1.1,서울7호선
1107018,건대입구역(7호선),어린이대공원,0.8,서울7호선
1107019,건대입구역(7호선),뚝섬유원지,1,서울7호선
1107020,뚝섬유원지,청담,2,서울7호선
1107021,청담,강남구청역(7호선),1.1,서울7호선
1107022,강남구청역(7호선),학동,0.9,서울7호선
1107023,논현,학동,1,서울7호선
1107024,논현,반포,0.9,서울7호선
1107025,고속터미널역(7호선),반포,0.9,서울7호선
1107026,고속터미널역(7호선),내방,2.2,서울7호선
1107027,내방,총신대입구역(7호선),1,서울7호선
1107028,남성,총신대입구역(7호선),1,서울7호선
1107029,남성,숭실대입구,2,서울7호선
1107030,숭실대입구,상도,0.9,서울7호선
1107031,장승배기,상도,0.9,서울7호선
1107032,신대방삼거리,장승배기,1.2,서울7호선
1107033,신대방삼거리,보라매,0.8,서울7호선
1107034,신풍,보라매,0.9,서울7호선
1107035,대림역(7호선),신풍,1.4,서울7호선
1107036,남구로,대림역(7호선),1.1,서울7호선
1107037,가산디지털단지(7호선),남구로,0.8,서울7호선
1107038,철산,가산디지털단지(7호선),1.4,서울7호선
1107039,광명사거리,철산,1.3,서울7호선
1107040,광명사거리,천왕,1.7,서울7호선
1107041,온수역(7호선),천왕,1.5,서울7호선
1107042,온수역(7호선),까치울,2.2,서울7호선
1107043,부천종합운동장,까치울,1.2,서울7호선
1107044,부천종합운동장,춘의,0.9,서울7호선
1107045,신중동,춘의,1,서울7호선
1107046,신중동,부천시청,1.1,서울7호선
1107047,부천시청,상동(지하),0.9,서울7호선
1107048,상동(지하),부천시청,1.1,서울7호선
1108001,암사,천호역(8호선),1.3,서울8호선
1108002,천호역(8호선),강동구청,0.9,서울8호선
1108003,강동구청,몽촌토성,1.6,서울8호선
1108004,몽촌토성,잠실역(8호선),0.8,서울8호선
1108005,잠실역(8호선),석촌,1.2,서울8호선
1108006,석촌,송파,0.9,서울8호선
1108007,송파,가락시장역(8호선),0.8,서울8호선
1108008,가락시장역(8호선),문정,0.9,서울8호선
1108009,문정,장지,0.9,서울8호선
1108010,복정역(8호선),장지,0.9,서울8호선
1108011,산성(8호선),복정역(8호선),2.7,서울8호선
1108012,남한산성입구,산성(8호선),1.3,서울8호선
1108013,남한산성입구,단대오거리,0.8,서울8호선
1108014,신흥,단대오거리,0.8,서울8호선
1108015,신흥,수진,0.9,서울8호선
1108016,수진,모란역(8호선),1,서울8호선
1109001,개화,김포공항역(9호선),3.6,서울9호선
1109002,김포공항역(9호선),공항시장,0.8,서울9호선
1109003,공항시장,신방화,0.8,서울9호선
1109006,양천향교,가양,1.3,서울9호선
1109007,가양,증미,0.7,서울9호선
1109008,등촌,증미,1,서울9호선
1109009,염창,등촌,0.9,서울9호선
1109010,신목동,염창,0.9,서울9호선
1109011,선유도,신목동,1.2,서울9호선
1109012,당산역(9호선),선유도,1,서울9호선
1109013,국회의사당,당산역(9호선),1.5,서울9호선
1109014,여의도역(9호선),국회의사당,0.9,서울9호선
1109015,샛강,여의도역(9호선),0.8,서울9호선
1109016,노량진역(9호선),샛강,1.2,서울9호선
1109017,노량진역(9호선),노들,1.1,서울9호선
1109018,흑석,노들,1.1,서울9호선
1109019,동작역(9호선),흑석,1.4,서울9호선
1109020,동작역(9호선),구반포,1,서울9호선
1109021,신반포,구반포,0.7,서울9호선
1109022,신반포,고속터미널역(9호선),0.8,서울9호선
1109023,사평,고속터미널역(9호선),1.1,서울9호선
1109024,사평,신논현,0.9,서울9호선
1109025,신방화,마곡나루,0.9,서울9호선
1109026,마곡나루,양천향교,1.4,서울9호선
1109035,삼성중앙,봉은사,0.8,서울9호선
1109036,언주,신논현,0.8,서울9호선
1109037,종합운동장역(9호선),봉은사,1.4,서울9호선
1109038,선정릉역(9호선),삼성중앙,0.8,서울9호선
1109039,언주,선정릉역(9호선),0.9,서울9호선
2010001,서울역(고속),남영,1.7,서울1호선
2010002,용산역(1호선),남영,1.5,서울1호선
2010003,용산역(1호선),분기점(경부선),0.8,서울1호선
2010005,대방,신길역(1호선),0.8,서울1호선
2010006,영등포역(1호선),신길역(1호선),1,서울1호선
2010007,영등포역(1호선),신도림역(1호선),1.5,서울1호선
2010008,신도림역(1호선),구로역(1-2호선),1.1,서울1호선
2010009,분기점(경부선),가산디지털단지(1호선),1.1,서울1호선
2010010,가산디지털단지(1호선),독산,2,서울1호선
2010011,금천구청역(1호선),독산,1.2,서울1호선
2010012,금천구청역(1호선),분기(시흥연결선),1.1,서울1호선
2010013,석수,관악,1.9,서울1호선
2010014,관악,안양역(1호선),2.4,서울1호선
2010015,명학,안양역(1호선),2.2,서울1호선
2010018,의왕,당정,2.6,서울1호선
2010019,의왕,성균관대,2.9,서울1호선
2010020,화서,성균관대,2.6,서울1호선
2010021,화서,수원역(1호선),2.1,서울1호선
2010022,수원역(1호선),세류,2.9,서울1호선
2010023,세류,병점역(1-3호선),4.3,서울1호선
2010024,병점역(1호선),세마,2.4,서울1호선
2010025,세마,오산대,2.7,서울1호선
2010026,오산대,오산역(1호선),2.7,서울1호선
2010027,오산역(1호선),진위,4,서울1호선
2010028,진위,송탄,3.8,서울1호선
2010029,송탄,서정리역(1호선),2.2,서울1호선
2010030,서정리역(1호선),지제역(1호선),4.8,서울1호선
2010031,지제역(1호선),평택역(1호선),3.7,서울1호선
2010032,평택역(1호선),평택역(일반),9.4,서울1호선
2010046,당정,군포,1.6,서울1호선
2010091,분기(시흥연결선),석수,1.2,서울1호선
2010092,서울역(1호선),남영,1.7,서울1호선
2010095,분기점(경부선),노량진역(1호선),1.8,서울1호선
2010096,구로역(1-2호선),분기점(경부선),1.3,서울1호선
2010103,분기(시흥연결선),광명역(1-3호선),3.6,서울1호선
2010111,남영,서울역(일반),1.7,서울1호선
2010112,신촌,서울역(일반),3.1,서울1호선
2010113,용산역(고속),남영,1.5,서울1호선
2010114,분기점(경부선),용산역(고속),0.8,서울1호선
2010115,노량진역(일반),분기점(경부선),1.8,서울1호선
2010116,대방,노량진역(일반),1.5,서울1호선
2010119,신길역(1호선),영등포역(고속),1,서울1호선
2010120,신도림역(일반),영등포역(고속),1.5,서울1호선
2010121,영등포역(일반),신길역(1호선),1,서울1호선
2010122,신도림역(일반),영등포역(일반),1.5,서울1호선
2010123,구로역(1-1호선),신도림역(1호선),1.1,서울1호선
2010125,관악,안양역(일반),2.4,서울1호선
2010126,명학,안양역(일반),2.2,서울1호선
2010127,금정역(1호선),명학,1.4,서울1호선
2010128,금정역(1호선),군포,2.2,서울1호선
2010129,수원역(일반),화서,2.1,서울1호선
2010130,수원역(일반),세류,2.9,서울1호선
2010131,수원역(고속),화서,2.1,서울1호선
2010132,수원역(고속),세류,2.9,서울1호선
2010133,병점역(1호선),세류,4.3,서울1호선
2010134,오산역(일반),오산대,2.7,서울1호선
2010135,진위,오산역(일반),4,서울1호선
2010136,지제역(1호선),평택역(일반),3.7,서울1호선
2010137,평택역(1호선),평택역(일반),9.4,서울1호선
2010188,행신역(경의),강매,0.9,경의중앙선(수도권전철)
2010189,행신역(경의),능곡,1.5,경의중앙선(수도권전철)
2010191,옥수역(일반),응봉,1.8,경의중앙선(수도권전철)
2010192,한남,옥수역(일반),1.6,경의중앙선(수도권전철)
2010193,응봉,왕십리역(일반),1.4,경의중앙선(수도권전철)
2010195,청량리역(고속),왕십리역(일반),2.4,경의중앙선(수도권전철)
2010196,회기역(경의),청량리역(고속),1.4,경의중앙선(수도권전철)
2010197,회기역(경춘),청량리역(일반),1.4,경의중앙선(수도권전철)
2010198,청량리역(일반),왕십리역(일반),2.4,경의중앙선(수도권전철)
2010202,가평역(일반),상천,7.1,경춘선(수도권전철)
2010203,굴봉산,가평역(경춘),4.7,경춘선(수도권전철)
2010204,대성리,청평역(일반),7.5,경춘선(수도권전철)
2010205,상천,청평역(일반),4.8,경춘선(수도권전철)
2010206,대성리,마석역(일반),7.4,경춘선(수도권전철)
2010207,천마산,마석역(일반),2.2,경춘선(수도권전철)
2010208,천마산,평내호평역(일반),4.2,경춘선(수도권전철)
2010209,금곡,평내호평역(일반),4,경춘선(수도권전철)
2010210,금곡,사릉역(일반),3.6,경춘선(수도권전철)
2010211,퇴계원역(일반),사릉역(일반),3.3,경춘선(수도권전철)
2010212,퇴계원역(일반),별내,1.6,경춘선(수도권전철)
2010213,지제역(1호선),서정리역(일반),4.8,서울1호선
2010214,송탄,서정리역(일반),2.2,서울1호선
2010216,상봉역(일반),중랑역(경의),0.8,경의중앙선(수도권전철)
2010217,망우역(경의),상봉역(일반),0.6,경의중앙선(수도권전철)
2010218,중랑역(경의),상봉역(고속),0.8,경의중앙선(수도권전철)
2010219,망우역(경의),상봉역(고속),0.6,경의중앙선(수도권전철)
2010223,원덕,양평역(고속),5.8,경의중앙선(수도권전철)
2010224,오빈,양평역(고속),2.2,경의중앙선(수도권전철)
2010229,양정,덕소역(일반),2.3,경의중앙선(수도권전철)
2010230,도심,덕소역(일반),1.5,경의중앙선(수도권전철)
2010231,동두천역(1호선),보산,1.6,서울1호선
2010232,광명역(고속),분기(시흥연결선),2.8,서울1호선
2010234,동두천역(일반),소요산역(일반),2.5,서울1호선
2010235,상봉역(일반),망우역(경춘),0.6,경춘선(수도권전철)
2010236,상봉역(일반),중랑역(경춘),0.8,경춘선(수도권전철)
2010237,용산역(일반),남영,1.5,서울1호선
2010240,신도림역(일반),구로역(1-2호선),1.1,서울1호선
2010242,오빈,양평역(일반),2.2,경의중앙선(수도권전철)
2010243,양평역(일반),원덕,5.8,경의중앙선(수도권전철)
2010244,지평역(일반),석불,2.9,경의중앙선(수도권전철)
2010245,용문역(일반),지평역(일반),3.6,경의중앙선(수도권전철)
2011001,분기점(경의선),분기점(경부선),0.5,경의중앙선(수도권전철)
2012001,분기점(경부선),분기점(경인선),1.2,경의중앙선(수도권전철)
2014001,오봉,의왕,3,서울1호선
2015007,달월,월곶,1.3,수인선
2015009,달월,월곶,1.5,수인선
2015010,오이도역(수인),달월,2.1,수인선
2016001,서동탄,병점역(1-3호선),2.2,서울1호선
2030002,가좌역(경의),신촌,2.7,경의중앙선(수도권전철)
2030003,가좌역(경의),디지털미디어시티(경의),1.7,경의중앙선(수도권전철)
2030004,디지털미디어시티(경의),수색(경의),0.6,경의중앙선(수도권전철)
2030005,화전,분기(수색직결선),1.7,경의중앙선(수도권전철)
2030006,수색(경의),분기(수색직결선),1.7,경의중앙선(수도권전철)
2030007,행신역(고속),능곡,1.5,경의중앙선(수도권전철)
2030008,풍산,일산,1.9,경의중앙선(수도권전철)
2030009,백마,곡산,1.6,경의중앙선(수도권전철)
2030010,백마,풍산,1.7,경의중앙선(수도권전철)
2030011,일산,탄현,1.7,경의중앙선(수도권전철)
2030013,운정,금릉,3.1,경의중앙선(수도권전철)
2030014,금릉,금촌,2.1,경의중앙선(수도권전철)
2030015,월롱,금촌,4.1,경의중앙선(수도권전철)
2030016,월롱,파주,2.2,경의중앙선(수도권전철)
2030017,문산,파주,4.4,경의중앙선(수도권전철)
2030018,운천,임진강,2.3,경의중앙선(수도권전철)
2030019,운천,문산,3.7,경의중앙선(수도권전철)
2030020,대곡역(경의),능곡,1.8,경의중앙선(수도권전철)
2030021,도라산,임진강,3.7,경의중앙선(수도권전철)
2030022,곡산,대곡역(경의),1.7,경의중앙선(수도권전철)
2030023,강매,행신역(고속),0.9,경의중앙선(수도권전철)
2030024,강매,화전,2.5,경의중앙선(수도권전철)
2030025,야당,운정,1.5,경의중앙선(수도권전철)
2030026,탄현,야당,2.1,경의중앙선(수도권전철)
2030027,서울역(경의),신촌,3.1,경의중앙선(수도권전철)
2030029,상봉역(경의),망우역(경의),0.6,경의중앙선(수도권전철)
2030030,중랑역(경의),상봉역(경의),0.8,경의중앙선(수도권전철)
2030031,회기역(경의),중랑역(경의),1.8,경의중앙선(수도권전철)
2030032,회기역(경의),청량리역(경의),1.4,경의중앙선(수도권전철)
2030033,원덕,용문역(경의),4.8,경의중앙선(수도권전철)
2032003,서강대,공덕역(경의),1.9,경의중앙선(수도권전철)
2032004,홍대입구역(경의),서강대,0.9,경의중앙선(수도권전철)
2032005,가좌역(경의),홍대입구역(경의),1.7,경의중앙선(수도권전철)
2050001,분기점(경의선),이촌역(경의),1.1,경의중앙선(수도권전철)
2050002,이촌역(경의),서빙고,1.7,경의중앙선(수도권전철)
2050003,서빙고,한남,1.9,경의중앙선(수도권전철)
2050004,옥수역(경의),한남,1.6,경의중앙선(수도권전철)
2050005,응봉,옥수역(경의),1.8,경의중앙선(수도권전철)
2050006,왕십리역(경의),응봉,1.4,경의중앙선(수도권전철)
2050007,왕십리역(경의),청량리역(경의),2.4,경의중앙선(수도권전철)
2050009,외대앞,회기역(1호선),0.8,서울1호선
2050010,외대앞,신이문,0.8,서울1호선
2050011,석계역(1호선),신이문,1.4,서울1호선
2050012,광운대역(1호선),석계역(1호선),1.1,서울1호선
2050013,월계,광운대역(1호선),1.1,서울1호선
2050014,월계,녹천,1.4,서울1호선
2050015,녹천,창동역(1호선),1,서울1호선
2050016,방학,창동역(1호선),1.7,서울1호선
2050017,도봉,방학,1.3,서울1호선
2050018,도봉산역(1호선),도봉,1.2,서울1호선
2050019,망월사,도봉산역(1호선),2.3,서울1호선
2050020,망월사,회룡역(1호선),1.4,서울1호선
2050021,회룡역(1호선),의정부,1.6,서울1호선
2050022,가능,의정부,1.2,서울1호선
2050023,가능,녹양,1.3,서울1호선
2050024,양주,녹양,1.6,서울1호선
2050025,양주,덕계,5.3,서울1호선
2050026,덕정,덕계,2.9,서울1호선
2050027,지행,덕정,5.6,서울1호선
2050028,지행,동두천중앙,1,서울1호선
2050029,보산,동두천중앙,1.4,서울1호선
2050030,보산,동두천역(일반),1.6,서울1호선
2050031,동두천역(1호선),소요산역(1호선),2.5,서울1호선
2050032,초성리,소요산역(일반),4.1,서울1호선
2050033,초성리,한탄강,3,서울1호선
2050034,한탄강,전곡,2.5,서울1호선
2050035,연천,전곡,8.6,서울1호선
2050036,신망리,연천,3.6,서울1호선
2050039,분기점(경의선),용산역(경의),0.8,경의중앙선(수도권전철)
2050040,신탄리,대광리,5.6,서울1호선
2100001,상봉역(경춘),망우역(경춘),0.6,경춘선(수도권전철)
2100002,망우역(경춘),신내,2.1,경춘선(수도권전철)
2100003,갈매,별내,1.4,경춘선(수도권전철)
2100004,별내,퇴계원역(경춘),1.6,경춘선(수도권전철)
2100005,퇴계원역(경춘),사릉역(경춘),3.3,경춘선(수도권전철)
2100006,사릉역(경춘),금곡,3.6,경춘선(수도권전철)
2100007,평내호평역(경춘),금곡,4,경춘선(수도권전철)
2100008,천마산,평내호평역(경춘),4.2,경춘선(수도권전철)
2100009,대성리,마석역(경춘),7.4,경춘선(수도권전철)
2100010,대성리,청평역(경춘),7.5,경춘선(수도권전철)
2100011,상천,청평역(경춘),4.8,경춘선(수도권전철)
2100012,상천,가평역(경춘),7.1,경춘선(수도권전철)
2100013,가평역(경춘),가평역(일반),4.7,경춘선(수도권전철)
2100019,갈매,신내,2.6,경춘선(수도권전철)
2100020,천마산,마석역(경춘),2.2,경춘선(수도권전철)
2101100,평내호평역(경춘),평내기지,2.5,
2120001,회기역(경춘),중랑역(경춘),1.8,경춘선(수도권전철)
2120003,양원(중앙),망우역(경의),1.7,경의중앙선(수도권전철)
2120004,양원(중앙),구리,3.2,경의중앙선(수도권전철)
2120005,구리,도농,1.7,경의중앙선(수도권전철)
2120006,도농,양정,3.7,경의중앙선(수도권전철)
2120007,덕소역(경의),양정,2.3,경의중앙선(수도권전철)
2120008,도심,덕소역(경의),1.5,경의중앙선(수도권전철)
2120009,도심,팔당,4.2,경의중앙선(수도권전철)
2120010,팔당,운길산,6.4,경의중앙선(수도권전철)
2120011,양수,운길산,1.9,경의중앙선(수도권전철)
2120012,양수,신원,4.7,경의중앙선(수도권전철)
2120013,신원,국수,2.9,경의중앙선(수도권전철)
2120014,아신,국수,4.1,경의중앙선(수도권전철)
2120018,용문역(경의),지평역(경의),3.6,경의중앙선(수도권전철)
2120024,회기역(경춘),청량리역(경춘),1.4,경춘선(수도권전철)
2120083,상봉역(경춘),중랑역(경춘),0.8,경춘선(수도권전철)
2120084,원덕,용문역(일반),4.8,경의중앙선(수도권전철)
2120085,원덕,양평역(경의),5.8,경의중앙선(수도권전철)
2120086,오빈,양평역(경의),2.2,경의중앙선(수도권전철)
2120088,오빈,아신,2.8,경의중앙선(수도권전철)
2121001,광운대역(경춘),상봉역(경춘),4.3,경춘선(수도권전철)
2700001,신설동역(우이),보문역(우이),1,우이신설선
2700002,성신여대입구(우이),보문역(우이),0.9,우이신설선
2700003,정릉,성신여대입구(우이),1.2,우이신설선
2700004,정릉,북한산보국문,1.2,우이신설선
2700005,솔샘,북한산보국문,1.2,우이신설선
2700006,삼양사거리,솔샘,0.8,우이신설선
2700007,삼양,삼양사거리,0.7,우이신설선
2700008,화계,삼양,0.8,우이신설선
2700009,화계,가오리,0.8,우이신설선
2700010,4.19민주묘지,가오리,0.9,우이신설선
2700011,솔밭공원,4.19민주묘지,0.7,우이신설선
2700012,솔밭공원,북한산우이,0.8,우이신설선
3010001,구일,분기점(경인선),0.4,서울1호선
3010002,구일,개봉,1,서울1호선
3010003,오류동,개봉,1.3,서울1호선
3010004,오류동,온수역(1호선),1.9,서울1호선
3010005,역곡,온수역(1호선),1.3,서울1호선
3010006,소사,역곡,1.5,서울1호선
3010007,소사,부천,1.1,서울1호선
3010008,중동,부천,1.7,서울1호선
3010009,송내,중동,1,서울1호선
3010010,중동,송내,1.2,서울1호선
3010021,분기점(경인선),구로역(1-1호선),1,서울1호선
3020001,금정역(4호선),산본,2.3,서울4호선
3020002,산본,수리산,1.1,서울4호선
3020003,대야미,수리산,2.6,서울4호선
3020004,반월,대야미,2,서울4호선
3020005,반월,상록수,3.7,서울4호선
3020006,한대앞,상록수,1.5,서울4호선
3020007,한대앞,중앙,1.6,서울4호선
3020008,고잔,중앙,1.4,서울4호선
3020009,고잔,초지,1.5,서울4호선
3020010,초지,안산,1.8,서울4호선
3020011,신길온천,안산,2.2,서울4호선
3020012,신길온천,정왕,2.9,서울4호선
3020013,오이도역(4호선),정왕,1.4,서울4호선
3021001,시흥기지,오이도역(수인),2,
3030001,남태령,선바위,2,서울4호선
3030002,금정역(4호선),범계,2.6,서울4호선
3030003,평촌,범계,1.3,서울4호선
3030004,인덕원,평촌,1.6,서울4호선
3030005,인덕원,정부과천청사,3,서울4호선
3030006,정부과천청사,과천,1,서울4호선
3030007,과천,대공원(과천),1,서울4호선
3030008,대공원(과천),경마공원,0.9,서울4호선
3030009,경마공원,선바위,1,서울4호선
3040001,선릉역(분당),한티,1,분당선
3040002,한티,도곡역(분당),0.7,분당선
3040003,구룡,도곡역(분당),0.6,분당선
3040004,개포동,구룡,0.7,분당선
3040005,대모산입구,개포동,0.6,분당선
3040006,수서역(분당),대모산입구,3,분당선
3040007,수서역(분당),복정역(분당),3.2,분당선
3040008,복정역(분당),가천대,2.4,분당선
3040009,태평,가천대,1,분당선
3040010,모란역(분당),태평,0.9,분당선
3040011,야탑,모란역(분당),2.3,분당선
3040012,이매역(분당),야탑,1.7,분당선
3040013,서현,이매역(분당),1.4,분당선
3040014,서현,수내,1.1,분당선
3040015,수내,정자역(분당),1.6,분당선
3040016,정자역(분당),미금역(분당),1.8,분당선
3040017,오리,미금역(분당),1.1,분당선
3040018,오리,죽전,1.8,분당선
3040019,보정,죽전,1.3,분당선
3040020,보정,구성,1.6,분당선
3040021,신갈,구성,1.6,분당선
3040022,서울숲,왕십리역(분당),2.2,분당선
3040023,압구정로데오,서울숲,1.9,분당선
3040024,압구정로데오,강남구청역(분당),1.2,분당선
3040025,선정릉역(분당),강남구청역(분당),0.7,분당선
3040026,선릉역(분당),선정릉역(분당),0.7,분당선
3040027,매교,수원역(분당),1.5,분당선
3040028,매교,수원시청,1.4,분당선
3040029,매탄권선,수원시청,1.4,분당선
3040030,매탄권선,망포,1.8,분당선
3040031,망포,영통,1.5,분당선
3040032,청명,영통,1.1,분당선
3040033,청명,상갈,2.8,분당선
3040034,상갈,기흥역(분당),1.9,분당선
3040035,신갈,기흥역(분당),1.4,분당선
3040036,청량리역(분당),왕십리역(분당),2.4,분당선
3041001,분당기지,오리,2.3,
3050001,삼송,지축,1.7,서울3호선
3050003,원당,화정,2.6,서울3호선
3050004,화정,대곡역(3호선),2.1,서울3호선
3050005,대곡역(3호선),백석,2.5,서울3호선
3050006,마두,백석,1.4,서울3호선
3050007,정발산,마두,0.9,서울3호선
3050008,주엽,정발산,1.6,서울3호선
3050009,주엽,대화,1.4,서울3호선
3050010,원흥,원당,2.9,서울3호선
3050011,삼송,원흥,2.1,서울3호선
3060001,양재역(신분당),강남역(신분당),1.5,신분당선
3060002,양재역(신분당),양재시민의숲,1.6,신분당선
3060003,양재시민의숲,청계산입구,2.9,신분당선
3060004,판교역(신분당),청계산입구,8.2,신분당선
3060005,판교역(신분당),정자역(신분당),3.1,신분당선
4100003,동탄,수서역(고속),32.6,
4100004,지제역(고속),동탄,21,
4100005,지제역(고속),분기,7.5,
4100011,이매역(경강),판교역(경강),1.5,경강선(수도권전철)
4100012,삼동,이매역(경강),6.9,경강선(수도권전철)
4100013,삼동,경기광주,4.9,경강선(수도권전철)
4100014,초월,경기광주,5,경강선(수도권전철)
4100015,초월,곤지암,4.9,경강선(수도권전철)
4100016,곤지암,신둔도예촌,6.8,경강선(수도권전철)
4100017,이천,신둔도예촌,7.8,경강선(수도권전철)
4100018,부발,이천,4.5,경강선(수도권전철)
4100019,부발,세종대왕릉,8.3,경강선(수도권전철)
4100020,세종대왕릉,여주,5.4,경강선(수도권전철)
4100146,소사역(소사원시),소새울,1.7,소사~원시
4100147,시흥대야,소새울,2.1,소사~원시
4100148,시흥대야,신천(소사원시),1.4,소사~원시
4100149,신현,신천(소사원시),3.3,소사~원시
4100150,시흥시청,신현,3.6,소사~원시
4100151,시흥시청,시흥능곡,1.3,소사~원시
4100152,시흥능곡,달미,2.4,소사~원시
4100153,달미,선부,1.6,소사~원시
4100154,선부,초지역(소사원시),1.7,소사~원시
4100156,초지역(소사원시),원곡,1.4,소사~원시
4100157,원곡,원시,1.5,소사~원시
4100221,삼전,종합운동장역(9호선),1.4,서울지하철9호선
4100222,석촌고분,삼전,0.8,서울지하철9호선
4100223,석촌고분,석촌역(9호선),1,서울지하철9호선
4100224,송파나루,석촌역(9호선),0.8,서울지하철9호선
4100225,한성백제,송파나루,0.8,서울지하철9호선
4100226,한성백제,올림픽공원역(9호선),1.4,서울지하철9호선
4100227,둔촌오륜,올림픽공원역(9호선),1,서울지하철9호선
4100228,둔촌오륜,중앙보훈병원,1.7,서울지하철9호선
4100347,수지구청,동천,2.1,신분당선
4100348,수지구청,성복,1.7,신분당선
4100349,성복,상현,2.1,신분당선
4100350,상현,광교중앙,2.4,신분당선
4100351,광교,광교중앙,2,신분당선
4100471,효창공원앞(경의),용산역(경의),1.5,경의중앙선(수도권전철)
4100472,공덕역(경의),효창공원앞(경의),1,경의중앙선(수도권전철)
4102057,정자역(신분당),미금역(신분당),1.9,신분당선
4102058,미금역(신분당),동천,1.6,신분당선
9010006,김포공항역(9호선),김포공항역(공항),6.6,공항철도
9010007,마곡나루역(공항),김포공항역(공항),2.3,공항철도
9010008,디지털미디어시티(공항),분기(수색직결선),2.3,공항철도
9010009,홍대입구역(공항),디지털미디어시티(공항),3.4,공항철도
9010010,공덕역(공항),홍대입구역(공항),2.8,공항철도
9010011,공덕역(공항),서울역(공항),3.3,공항철도
9010012,분기(수색직결선),분기(수색직결선),2.2,
9010013,분기(수색직결선),마곡나루역(공항),6.3,공항철도
G210001,고촌역(김포골드),김포공항역(김포골드),5.9,김포골드라인
G210002,고촌역(김포골드),풍무,3.6,김포골드라인
G210003,풍무,사우(김포시청),1.6,김포골드라인
G210004,사우(김포시청),걸포북변,1.73,김포골드라인
G210005,걸포북변,운양,3.47,김포골드라인
G210006,장기,운양,1.7,김포골드라인
G210007,마산역(김포골드),장기,2.6,김포골드라인
G210008,마산역(김포골드),구래,1.6,김포골드라인
G210009,구래,양촌,1.4,김포골드라인
U001001,회룡역(의정부),발곡,0.833,의정부경전철
U001002,범골,회룡역(의정부),0.615,의정부경전철
U001003,경전철의정부,범골,0.949,의정부경전철
U001004,경전철의정부,의정부시청,0.92,의정부경전철
U001005,의정부시청,흥선,0.627,의정부경전철
U001006,의정부중앙,흥선,1.107,의정부경전철
U001007,동오,의정부중앙,0.703,의정부경전철
U001008,동오,새말,0.739,의정부경전철
U001009,새말,경기도청북부청사,0.716,의정부경전철
U001010,효자(의정부),경기도청북부청사,0.63,의정부경전철
U001011,곤제,효자(의정부),0.772,의정부경전철
U001012,어룡,곤제,0.904,의정부경전철
U001013,송산,어룡,0.63,의정부경전철
U001014,송산,탑석,0.455,의정부경전철
Y001001,강남대,기흥역(용인),1.044,용인경전철
Y001002,강남대,지석,1.062,용인경전철
Y001003,어정,지석,0.918,용인경전철
Y001004,동백,어정,1.185,용인경전철
Y001005,동백,초당,1.097,용인경전철
Y001006,초당,삼가,2.591,용인경전철
Y001007,"시청,용인대",삼가,1.045,용인경전철
Y001008,명지대,"시청,용인대",1.034,용인경전철
Y001009,명지대,김량장,0.755,용인경전철
Y001010,김량장,"운동장,송담대",0.945,용인경전철
Y001011,고진,"운동장,송담대",0.935,용인경전철
Y001012,고진,보평,1.75,용인경전철
Y001013,보평,둔전,1.027,용인경전철
Y001014,"전대,에버랜드",둔전,2.626,용인경전철
